CREATE DATABASE  IF NOT EXISTS `greenpass` /*!40100 DEFAULT CHARACTER SET utf8 */;
USE `greenpass`;
-- MariaDB dump 10.17  Distrib 10.4.8-MariaDB, for Win64 (AMD64)
--
-- Host: 158.247.225.113    Database: greenpass
-- ------------------------------------------------------
-- Server version	10.5.12-MariaDB-1:10.5.12+maria~focal

/*!40101 SET @OLD_CHARACTER_SET_CLIENT=@@CHARACTER_SET_CLIENT */;
/*!40101 SET @OLD_CHARACTER_SET_RESULTS=@@CHARACTER_SET_RESULTS */;
/*!40101 SET @OLD_COLLATION_CONNECTION=@@COLLATION_CONNECTION */;
/*!40101 SET NAMES utf8 */;
/*!40103 SET @OLD_TIME_ZONE=@@TIME_ZONE */;
/*!40103 SET TIME_ZONE='+00:00' */;
/*!40014 SET @OLD_UNIQUE_CHECKS=@@UNIQUE_CHECKS, UNIQUE_CHECKS=0 */;
/*!40014 SET @OLD_FOREIGN_KEY_CHECKS=@@FOREIGN_KEY_CHECKS, FOREIGN_KEY_CHECKS=0 */;
/*!40101 SET @OLD_SQL_MODE=@@SQL_MODE, SQL_MODE='NO_AUTO_VALUE_ON_ZERO' */;
/*!40111 SET @OLD_SQL_NOTES=@@SQL_NOTES, SQL_NOTES=0 */;

--
-- Table structure for table `if_send_sms_hst`
--

DROP TABLE IF EXISTS `if_send_sms_hst`;
/*!40101 SET @saved_cs_client     = @@character_set_client */;
/*!40101 SET character_set_client = utf8 */;
CREATE TABLE `if_send_sms_hst` (
  `hst_seqno` bigint(20) NOT NULL AUTO_INCREMENT,
  `sms_id` int(11) NOT NULL,
  `callee` varchar(15) DEFAULT NULL,
  `result_code` varchar(10) DEFAULT NULL,
  `result` varchar(10) DEFAULT NULL,
  `success_code` int(11) DEFAULT NULL,
  `failed_code` int(11) DEFAULT NULL,
  `send_time` varchar(50) DEFAULT NULL,
  `create_dt` datetime DEFAULT current_timestamp(),
  PRIMARY KEY (`hst_seqno`)
) ENGINE=InnoDB DEFAULT CHARSET=utf16;
/*!40101 SET character_set_client = @saved_cs_client */;

--
-- Dumping data for table `if_send_sms_hst`
--

LOCK TABLES `if_send_sms_hst` WRITE;
/*!40000 ALTER TABLE `if_send_sms_hst` DISABLE KEYS */;
/*!40000 ALTER TABLE `if_send_sms_hst` ENABLE KEYS */;
UNLOCK TABLES;

--
-- Table structure for table `partner_auth`
--

DROP TABLE IF EXISTS `partner_auth`;
/*!40101 SET @saved_cs_client     = @@character_set_client */;
/*!40101 SET character_set_client = utf8 */;
CREATE TABLE `partner_auth` (
  `partner_auth_seqno` bigint(20) NOT NULL AUTO_INCREMENT,
  `admin_seqno` bigint(20) NOT NULL,
  `gps_used` varchar(1) NOT NULL,
  `beacon_used` varchar(1) NOT NULL,
  `nfc_used` varchar(1) NOT NULL,
  `location_x` varchar(200) DEFAULT NULL,
  `location_y` varchar(200) DEFAULT NULL,
  `location_name` varchar(200) DEFAULT NULL,
  `location_sub_name` varchar(200) DEFAULT NULL,
  `location_img` varchar(300) DEFAULT NULL,
  `create_dt` datetime DEFAULT current_timestamp(),
  `update_dt` datetime DEFAULT current_timestamp(),
  `order` int(11) NOT NULL DEFAULT 0,
  PRIMARY KEY (`partner_auth_seqno`)
) ENGINE=InnoDB AUTO_INCREMENT=46 DEFAULT CHARSET=utf16;
/*!40101 SET character_set_client = @saved_cs_client */;

--
-- Dumping data for table `partner_auth`
--

LOCK TABLES `partner_auth` WRITE;
/*!40000 ALTER TABLE `partner_auth` DISABLE KEYS */;
INSERT INTO `partner_auth` VALUES (1,1,'1','1','1','35.179975136892246','129.07498242136293','부산시청',NULL,'/user/img/logo/9.png','2021-11-01 03:02:59','2021-11-01 03:02:59',44),(2,1,'1','1','1','35.1763356847701','129.07967348458297','연제구청',NULL,'/user/img/logo/10.jpg','2021-11-01 03:03:04','2021-11-01 03:03:04',43),(3,1,'1','1','1','37.50516853626779','127.04279445579137','접객',NULL,'/user/img/logo/11.png','2021-11-02 09:03:56','2021-11-02 09:03:56',48),(12,1,'1','1','1','37.661748685878614','127.30260308278064','늘바른 필라테스',NULL,'/user/img/logo/5.jpg','2021-10-26 00:46:45','2021-10-26 00:46:45',42),(13,1,'1','1','1','37.47435501482691','127.24219767113343','설맥바베큐',NULL,'/user/img/logo/6.jpg','2021-10-26 00:46:45','2021-10-26 00:46:45',50),(14,1,'1','1','1','37.39276363133194','126.95417375578916','신안메트로칸',NULL,'/user/img/logo/7.png','2021-10-26 00:46:45','2021-10-26 00:46:45',41),(15,1,'1','1','1','37.54358420212914','126.9727312269564','워너핏PT스튜디오',NULL,'/user/img/logo/8.png','2021-10-26 00:46:45','2021-10-26 00:46:45',40),(18,1,'1','1','1','37.55482406943165','126.93060864357507','은하수 즉석떡볶이',NULL,'/user/img/logo/4.jpg','2021-10-25 16:04:06','2021-10-25 16:04:06',49),(19,1,'1','1','1','37.5619012808546','126.97285536807921','대한통운','익산지점','/user/img/logo/logos_header.png','2021-10-25 16:04:06','2021-10-25 16:04:06',39),(20,1,'1','1','1','35.94841001902593','126.95799909993983','익산시청','관공서','/user/img/logo/intro_logo.gif','2021-10-25 16:04:06','2021-10-25 16:04:06',38),(21,1,'1','1','1','37.55469178267998','126.93048780210982','산울림1992',NULL,'/user/img/logo/3.jpg','2021-10-26 00:46:45','2021-10-26 00:46:45',47),(22,1,'1','1','1','35.822835968583604','127.12456356925213','오즈하우스',NULL,'/user/img/logo/12.png','2021-11-04 05:05:24','2021-11-04 05:05:24',45),(23,1,'1','1','1','35.82948437350038','127.13430211657524','창조경제혁신센터',NULL,'/user/img/logo/13.png','2021-11-04 05:05:27','2021-11-04 05:05:27',12),(24,1,'1','1','1','37.636009836892555','127.21653277093391','전북대학교병원',NULL,'/user/img/logo/14.png','2021-11-04 05:05:29','2021-11-04 05:05:29',46),(25,1,'1','1','1','35.96761196496731','126.73679692614692','군산시청',NULL,'/user/img/logo/15.png','2021-11-11 09:35:07','2021-11-11 09:35:07',38),(26,1,'1','1','1','35.95370852362027','126.69004336925465','군산 은파팰리스',NULL,'/user/img/logo/16.png','2021-11-11 09:35:09','2021-11-11 09:35:09',39),(27,1,'1','1','1','35.95789190751206','126.71013764414637','군산 어도원',NULL,'/user/img/logo/17.png','2021-11-11 09:35:11','2021-11-11 09:35:11',40),(29,1,'1','1','1','37.55472207924813','126.97597132695671','CJ미팅장소',NULL,'/user/img/logo/18.png','2021-11-11 09:35:11','2021-11-11 09:35:11',11),(30,1,'1','1','1','37.55939746464229','126.92056429812105','그린패스테스트',NULL,'/user/img/logo/19.png','2021-11-11 09:35:11','2021-11-11 09:35:11',10),(31,1,'1','1','1','37.636009836892555','127.21653277093391','남양주시청',NULL,'/user/img/logo/20.png','2021-11-11 09:35:11','2021-11-11 09:35:11',13),(32,1,'1','1','1','37.55939746464229','126.92056429812105','그린패스코리아 본사',NULL,'/user/img/logo/19.png','2021-11-25 08:11:22','2021-11-25 08:11:22',2),(33,1,'1','1','1','35.813659635106774','127.0868532689001','전주대학교',NULL,'/user/img/logo/22.png','2021-11-25 08:13:04','2021-11-25 08:13:04',37),(34,1,'1','1','1','37.39454288743522','126.95690254778076','안양시청',NULL,'/user/img/logo/21.png','2021-11-25 08:13:16','2021-11-25 08:13:16',36),(35,1,'1','1','1','37.241112974559506','127.17794871405403','용인시청',NULL,'/user/img/logo/23.png','2021-11-29 02:39:36','2021-11-29 02:39:36',35),(36,1,'1','1','1','37.241112974559506','127.17794871405403','남양주시청',NULL,'/user/img/logo/24.png','2021-11-30 07:12:04','2021-11-30 07:12:04',34),(37,1,'1','1','1','37.241112974559506','127.17794871405403','(주)하이테크팜',NULL,'/user/img/logo/25.png','2021-11-30 07:12:56','2021-11-30 07:12:56',1),(38,1,'1','1','1','37.50725330193816','127.06170519873243','봉남이네 삼성직영점',NULL,'/user/img/logo/26.png','2021-12-01 05:04:29','2021-12-01 05:04:29',0),(39,1,'1','1','1','37.50715977024856','127.06141546428474','남다른감자탕 삼성역점',NULL,'/user/img/logo/27.png','2021-12-01 05:04:31','2021-12-01 05:04:31',0),(40,1,'1','1','1','37.50716649288616','127.06174018880625','명동칼국수',NULL,'/user/img/logo/28.png','2021-12-01 05:04:34','2021-12-01 05:04:34',0),(41,1,'1','1','1','37.50765235694563','127.06197807527658','매드커피',NULL,'/user/img/logo/29.png','2021-12-01 05:04:36','2021-12-01 05:04:36',0),(42,1,'1','1','1','37.50736629419123','127.06219321871075','현대백화점 본사',NULL,'/user/img/logo/30.png','2021-12-01 05:04:41','2021-12-01 05:04:41',0),(43,1,'1','1','1','37.50750678712497','127.06163235579136','왕대박숯불구이',NULL,'/user/img/logo/31.png','2021-12-01 05:49:53','2021-12-01 05:49:53',0),(44,1,'1','1','1','37.507374886953755','127.06162699312041','올어라운드 커피',NULL,'/user/img/logo/32.png','2021-12-01 05:49:55','2021-12-01 05:49:55',0),(45,1,'1','1','1','37.507399799565476','127.06160992707744','로얄 수제돈까스',NULL,'/user/img/logo/33.png','2021-12-01 05:50:00','2021-12-01 05:50:00',0);
/*!40000 ALTER TABLE `partner_auth` ENABLE KEYS */;
UNLOCK TABLES;

--
-- Table structure for table `send_sms_auth_hst`
--

DROP TABLE IF EXISTS `send_sms_auth_hst`;
/*!40101 SET @saved_cs_client     = @@character_set_client */;
/*!40101 SET character_set_client = utf8 */;
CREATE TABLE `send_sms_auth_hst` (
  `hst_seqno` bigint(20) NOT NULL AUTO_INCREMENT,
  `sender_phone` varchar(100) DEFAULT NULL,
  `receive_phone` varchar(100) DEFAULT NULL,
  `user_birthday` int(8) DEFAULT 0,
  `auth_code` varchar(50) DEFAULT NULL,
  `create_dt` datetime DEFAULT current_timestamp(),
  PRIMARY KEY (`hst_seqno`),
  KEY `send_sms_auth_hst__index_1` (`receive_phone`,`user_birthday`)
) ENGINE=InnoDB AUTO_INCREMENT=89 DEFAULT CHARSET=utf16;
/*!40101 SET character_set_client = @saved_cs_client */;

--
-- Dumping data for table `send_sms_auth_hst`
--

LOCK TABLES `send_sms_auth_hst` WRITE;
/*!40000 ALTER TABLE `send_sms_auth_hst` DISABLE KEYS */;
INSERT INTO `send_sms_auth_hst` VALUES (1,'1054405414','1077564321',19920610,'4791','2021-10-21 14:13:11'),(2,'01054405414','01077564321',19920610,'6274','2021-10-21 14:19:22'),(3,'01054405414','01077564321',19920610,'2787','2021-10-21 14:21:52'),(4,'01054405414','01077564321',19920610,'5610','2021-10-21 14:22:44'),(5,'01054405414','01077564321',19920610,'2338','2021-10-21 14:25:05'),(6,'01054405414','01077564321',19920610,'8606','2021-10-21 14:26:00'),(7,'01054405414','01077564321',19920610,'5649','2021-10-21 14:26:41'),(8,'01054405414','01077564321',19920610,'4957','2021-10-21 14:29:34'),(9,'01054405414','01077564321',19920610,'1552','2021-10-21 14:33:39'),(10,'01054405414','01077564321',19920610,'3204','2021-10-21 14:34:42'),(11,'01054405414','01077564321',19920610,'2889','2021-10-21 14:36:57'),(12,'01054405414','01077564321',19920610,'1747','2021-10-21 16:03:59'),(13,'01054405414','01077564321',19920610,'2838','2021-10-21 16:32:07'),(14,'01054405414','01077564321',19920610,'5902','2021-10-21 16:40:34'),(15,'01054405414','01054405414',19861222,'2817','2021-10-25 05:37:19'),(16,'01054405414','01077564321',19920610,'5687','2021-10-25 14:59:53'),(17,'01054405414','01077564321',19920610,'5883','2021-10-25 16:55:47'),(18,'01054405414','01054405414',19861222,'5965','2021-10-25 17:05:52'),(19,'01054405414','01054405414',19861222,'7878','2021-10-25 17:11:46'),(20,'01054405414','01077564321',19920610,'4543','2021-10-25 17:56:00'),(21,'01054405414','01054405414',19861222,'6681','2021-10-25 17:59:52'),(22,'01054405414','01063315552',19770913,'6462','2021-10-25 22:19:40'),(23,'01054405414','01040252389',19890206,'8148','2021-10-26 00:20:57'),(24,'01054405414','01056435620',19841126,'4326','2021-10-26 01:57:45'),(25,'01054405414','01031857398',19971003,'5897','2021-10-26 03:02:03'),(26,'01054405414','01056569873',19891202,'7034','2021-10-26 03:04:56'),(27,'01054405414','01077612895',19901103,'9086','2021-10-26 03:09:07'),(28,'01054405414','01077564321',19920610,'4101','2021-10-31 15:58:19'),(29,'01054405414','01077564321',19920610,'8509','2021-10-31 16:20:05'),(30,'01054405414','01077564321',19920610,'3922','2021-10-31 16:28:56'),(31,'01054405414','01077564321',19920610,'4853','2021-10-31 16:29:27'),(32,'01054405414','01077564321',19920610,'2984','2021-10-31 16:40:20'),(33,'01054405414','01077564321',19920610,'4026','2021-10-31 16:56:54'),(34,'01054405414','01077564321',19920610,'2029','2021-10-31 17:16:33'),(35,'01054405414','01077564321',19920610,'1415','2021-10-31 18:09:18'),(36,'01054405414','01077564321',19920610,'1290','2021-11-02 16:41:38'),(37,'01054405414','01025297440',19900820,'4171','2021-11-03 07:18:12'),(38,'01054405414','01025297440',19900820,'7710','2021-11-03 07:19:11'),(39,'01054405414','01050490211',19880212,'7290','2021-11-17 02:41:40'),(40,'01054405414','01040252389',19890206,'1031','2021-11-22 01:53:03'),(41,'01054405414','01086376034',19840505,'2799','2021-11-22 05:30:41'),(42,'01054405414','01041791066',19991229,'7446','2021-11-22 05:36:34'),(43,'01054405414','01047519192',19760108,'2159','2021-11-22 07:57:33'),(44,'01054405414','01047519192',19760108,'6649','2021-11-22 07:57:33'),(45,'01054405414','01072868152',19830415,'1169','2021-11-22 08:18:52'),(46,'01054405414','01040247587',19650113,'4308','2021-11-22 08:27:54'),(47,'01054405414','01040247587',19650113,'2973','2021-11-22 08:28:56'),(48,'01054405414','01021342839',19640607,'9543','2021-11-22 09:13:00'),(49,'01054405414','01038564221',19540805,'3670','2021-11-22 09:17:31'),(50,'01054405414','01047231956',19690215,'5071','2021-11-22 09:22:37'),(51,'01054405414','01023209925',19550613,'6386','2021-11-22 10:04:44'),(52,'01054405414','01038691209',19731206,'2496','2021-11-22 10:40:16'),(53,'01054405414','01049330579',19800211,'4091','2021-11-22 10:58:59'),(54,'01054405414','01030752249',19720706,'8195','2021-11-22 12:27:43'),(55,'01054405414','01099610808',19700207,'6347','2021-11-22 13:52:04'),(56,'01054405414','01045436162',19700620,'6221','2021-11-22 13:53:41'),(57,'01054405414','01041254089',19700411,'5965','2021-11-22 22:38:33'),(58,'01054405414','01042776244',19871105,'9431','2021-11-22 23:10:36'),(59,'01054405414','01062613109',19600523,'8375','2021-11-22 23:26:28'),(60,'01054405414','01032201787',19760929,'1407','2021-11-23 02:43:57'),(61,'01054405414','01040252389',19890206,'9647','2021-11-24 01:55:14'),(62,'01054405414','01040252389',19890206,'8255','2021-11-24 04:09:03'),(63,'01054405414','01040252389',19890206,'5420','2021-11-24 04:55:35'),(64,'01054405414','01054405414',19861222,'9665','2021-11-25 01:40:22'),(65,'01054405414','01040252389',19890206,'3916','2021-11-25 01:51:02'),(66,'01054405414','01040252389',19890206,'8989','2021-11-25 01:54:40'),(67,'01054405414','01045925562',19890203,'3330','2021-11-25 02:04:09'),(68,'01054405414','01063315552',19770913,'1118','2021-11-25 02:30:20'),(69,'01054405414','01054405414',19861222,'6890','2021-11-25 04:23:33'),(70,'01054405414','01045925562',19860203,'1585','2021-11-25 04:34:27'),(71,'01054405414','01040252389',19820112,'1722','2021-11-25 04:37:52'),(72,'01054405414','01054405414',19861222,'6141','2021-11-25 04:50:30'),(73,'01054405414','01020570256',19850618,'1421','2021-11-25 19:31:27'),(74,'01054405414','01092381473',20101112,'7774','2021-11-27 01:07:48'),(75,'01054405414','01045925562',19770912,'9870','2021-12-01 05:02:38'),(76,'01054405414','01033018151',19810501,'1217','2021-12-01 05:31:59'),(77,'01054405414','01040252389',19890206,'9718','2021-12-02 08:04:31'),(78,'01054405414','01063315552',19770913,'3614','2021-12-02 08:06:44'),(79,'01054405414','01045925562',19890206,'6718','2021-12-02 08:11:08'),(80,'01054405414','01040252389',19910205,'8952','2021-12-03 09:02:33'),(81,'01054405414','01031587050',19851127,'2262','2021-12-04 06:28:36'),(82,'01054405414','01086901473',19730305,'9576','2021-12-04 08:14:12'),(83,'01054405414','01063315552',19770913,'3986','2021-12-06 02:14:24'),(84,'01054405414','01028682299',19800619,'9752','2021-12-06 07:58:42'),(85,'01054405414','01042603126',19730330,'3512','2021-12-06 08:29:53'),(86,'01054405414','01025739039',19730519,'4668','2021-12-06 09:06:33'),(87,'01054405414','01039260036',19430804,'2323','2021-12-06 09:43:33'),(88,'01054405414','01056581458',19830218,'7087','2021-12-06 10:41:17');
/*!40000 ALTER TABLE `send_sms_auth_hst` ENABLE KEYS */;
UNLOCK TABLES;

--
-- Table structure for table `user_auth_hst`
--

DROP TABLE IF EXISTS `user_auth_hst`;
/*!40101 SET @saved_cs_client     = @@character_set_client */;
/*!40101 SET character_set_client = utf8 */;
CREATE TABLE `user_auth_hst` (
  `user_auth_hst_seqno` bigint(20) NOT NULL AUTO_INCREMENT,
  `user_seqno` bigint(20) NOT NULL,
  `auth_type` varchar(1) NOT NULL,
  `location_x` varchar(200) DEFAULT NULL,
  `location_y` varchar(200) DEFAULT NULL,
  `location_name` varchar(200) DEFAULT NULL,
  `location_sub_name` varchar(200) DEFAULT NULL,
  `create_dt` datetime DEFAULT current_timestamp(),
  `update_dt` datetime DEFAULT current_timestamp(),
  `partner_auth_seqno` bigint(20) NOT NULL,
  PRIMARY KEY (`user_auth_hst_seqno`)
) ENGINE=InnoDB AUTO_INCREMENT=690 DEFAULT CHARSET=utf16;
/*!40101 SET character_set_client = @saved_cs_client */;

--
-- Dumping data for table `user_auth_hst`
--

LOCK TABLES `user_auth_hst` WRITE;
/*!40000 ALTER TABLE `user_auth_hst` DISABLE KEYS */;
INSERT INTO `user_auth_hst` VALUES (110,2,'G','37.6046712','126.774397','부산시청',NULL,'2021-11-01 14:46:17','2021-11-01 14:46:17',1),(111,2,'G','37.6046735','126.774387','부산시청',NULL,'2021-11-01 14:46:20','2021-11-01 14:46:20',1),(112,2,'G','37.6046767','126.7743992','연제구청',NULL,'2021-11-01 14:46:23','2021-11-01 14:46:23',2),(113,9,'N','1','1','테스트','테스트','2021-11-01 14:47:13','2021-11-01 14:47:13',1),(114,1,'N','1','1','테스트','테스트','2021-11-01 14:47:47','2021-11-01 14:47:47',1),(115,1,'N','1','1','테스트','테스트','2021-11-01 14:47:52','2021-11-01 14:47:52',1),(116,3,'G','35.1764595','129.0798924','연제구청',NULL,'2021-11-01 14:49:55','2021-11-01 14:49:55',2),(117,3,'G','35.1764595','129.0798924','부산시청',NULL,'2021-11-01 14:50:05','2021-11-01 14:50:05',1),(118,3,'G','35.1763861','129.0798704','연제구청',NULL,'2021-11-01 14:58:56','2021-11-01 14:58:56',2),(119,3,'G','35.1763861','129.0798704','연제구청',NULL,'2021-11-01 15:06:23','2021-11-01 15:06:23',2),(120,3,'G','35.1762644','129.0795437','익산시청','관공서','2021-11-01 15:18:51','2021-11-01 15:18:51',20),(121,3,'G','37.5591618','126.9185388','연제구청',NULL,'2021-11-02 07:50:44','2021-11-02 07:50:44',2),(122,3,'G','37.5613958','126.9211273','연제구청',NULL,'2021-11-02 15:34:13','2021-11-02 15:34:13',2),(124,3,'G','37.5613958','126.9211273','산울림1992',NULL,'2021-11-02 15:34:46','2021-11-02 15:34:46',21),(125,3,'G','37.505059','127.0427477','접객',NULL,'2021-11-02 18:08:12','2021-11-02 18:08:12',3),(126,3,'G','37.5050422','127.0427651','접객',NULL,'2021-11-02 18:53:43','2021-11-02 18:53:43',3),(127,1,'N','1','1','테스트','테스트','2021-11-03 01:42:11','2021-11-03 01:42:11',1),(128,1,'G','37.2932913','126.8777699','대한통운','익산지점','2021-11-03 01:42:52','2021-11-03 01:42:52',19),(132,12,'G','37.6408938','126.6838062','부산시청',NULL,'2021-11-03 16:20:03','2021-11-03 16:20:03',1),(133,12,'N','1','1','테스트','테스트','2021-11-03 16:20:18','2021-11-03 16:20:18',1),(134,12,'N','1','1','테스트','테스트','2021-11-03 16:20:37','2021-11-03 16:20:37',1),(135,3,'G','37.4385597','126.8959574','익산시청','관공서','2021-11-04 08:11:50','2021-11-04 08:11:50',20),(136,3,'G','37.4385609','126.8959571','익산시청','관공서','2021-11-04 08:13:06','2021-11-04 08:13:06',20),(137,3,'G','36.4179771','126.5802003','익산시청','관공서','2021-11-04 10:19:41','2021-11-04 10:19:41',20),(138,3,'G','36.1361664','126.6250808','익산시청','관공서','2021-11-04 10:41:06','2021-11-04 10:41:06',20),(139,3,'G','35.819153','127.1170793','오즈하우스',NULL,'2021-11-04 14:13:15','2021-11-04 14:13:15',22),(140,3,'G','35.819153','127.1170793','오즈하우스',NULL,'2021-11-04 14:22:31','2021-11-04 14:22:31',22),(141,3,'G','35.819153','127.1170793','오즈하우스',NULL,'2021-11-04 14:26:51','2021-11-04 14:26:51',22),(142,3,'G','35.819153','127.1170793','전북대학교병원',NULL,'2021-11-04 14:27:05','2021-11-04 14:27:05',24),(143,12,'N','1','1','테스트','테스트','2021-11-04 17:05:21','2021-11-04 17:05:21',1),(144,3,'G','37.5329192','127.00557','전북대학교병원',NULL,'2021-11-05 17:14:17','2021-11-05 17:14:17',24),(145,3,'G','37.5591772','126.9184822','창조경제혁신센터',NULL,'2021-11-06 12:27:50','2021-11-06 12:27:50',23),(146,3,'G','35.9542843','126.6898701','창조경제혁신센터',NULL,'2021-11-11 17:44:15','2021-11-11 17:44:15',23),(147,3,'G','35.9578368','126.7101302','군산 어도원',NULL,'2021-11-11 20:51:03','2021-11-11 20:51:03',27),(148,3,'G','35.9578354','126.7101418','군산 어도원',NULL,'2021-11-11 20:54:58','2021-11-11 20:54:58',27),(149,3,'G','35.9578402','126.7101273','군산 은파팰리스',NULL,'2021-11-11 20:55:12','2021-11-11 20:55:12',26),(150,3,'G','37.5614045','126.9211223','군산 어도원',NULL,'2021-11-12 16:27:06','2021-11-12 16:27:06',27),(151,3,'G','37.5613869','126.9210898','군산 은파팰리스',NULL,'2021-11-12 16:27:33','2021-11-12 16:27:33',26),(152,3,'G','37.5614005','126.9210896','군산 어도원',NULL,'2021-11-12 16:28:44','2021-11-12 16:28:44',27),(155,14,'N','1','1','테스트','테스트','2021-11-14 21:40:07','2021-11-14 21:40:07',1),(156,14,'N','1','1','테스트','테스트','2021-11-14 21:41:13','2021-11-14 21:41:13',1),(157,14,'N','1','1','테스트','테스트','2021-11-14 21:41:14','2021-11-14 21:41:14',1),(160,15,'N','1','1','테스트','테스트','2021-11-15 01:07:41','2021-11-15 01:07:41',1),(161,15,'N','1','1','테스트','테스트','2021-11-15 01:07:43','2021-11-15 01:07:43',1),(162,15,'N','1','1','테스트','테스트','2021-11-15 01:07:51','2021-11-15 01:07:51',1),(163,14,'N','1','1','테스트','테스트','2021-11-15 02:44:21','2021-11-15 02:44:21',1),(164,14,'N','1','1','테스트','테스트','2021-11-15 02:44:21','2021-11-15 02:44:21',1),(165,16,'N','1','1','테스트','테스트','2021-11-15 11:25:11','2021-11-15 11:25:11',1),(166,16,'N','1','1','테스트','테스트','2021-11-15 11:25:11','2021-11-15 11:25:11',1),(169,2,'G','37.6046414','126.7742991','군산 어도원',NULL,'2021-11-15 14:14:53','2021-11-15 14:14:53',27),(179,23,'G','37.6046433','126.7742963','군산 어도원',NULL,'2021-11-20 10:11:18','2021-11-20 10:11:18',27),(180,3,'G','37.5363069','126.8600437','군산 어도원',NULL,'2021-11-20 11:24:48','2021-11-20 11:24:48',27),(181,3,'G','37.5363685','126.8600868','군산 은파팰리스',NULL,'2021-11-20 11:25:12','2021-11-20 11:25:12',26),(182,3,'G','37.5362985','126.8601154','군산시청',NULL,'2021-11-20 11:26:17','2021-11-20 11:26:17',25),(184,15,'N','1','1','테스트','테스트','2021-11-21 20:02:48','2021-11-21 20:02:48',1),(186,14,'N','1','1','테스트','테스트','2021-11-21 20:07:17','2021-11-21 20:07:17',1),(187,14,'N','1','1','테스트','테스트','2021-11-21 20:07:34','2021-11-21 20:07:34',1),(188,15,'N','1','1','테스트','테스트','2021-11-21 20:10:13','2021-11-21 20:10:13',1),(190,15,'N','1','1','테스트','테스트','2021-11-21 20:13:33','2021-11-21 20:13:33',1),(193,10,'N','1','1','테스트','테스트','2021-11-21 20:20:11','2021-11-21 20:20:11',1),(194,15,'N','1','1','테스트','테스트','2021-11-21 20:20:43','2021-11-21 20:20:43',1),(195,10,'N','1','1','테스트','테스트','2021-11-21 20:21:03','2021-11-21 20:21:03',1),(196,14,'N','1','1','테스트','테스트','2021-11-21 20:23:04','2021-11-21 20:23:04',1),(197,14,'N','1','1','테스트','테스트','2021-11-21 20:23:16','2021-11-21 20:23:16',1),(198,14,'N','1','1','테스트','테스트','2021-11-21 20:23:18','2021-11-21 20:23:18',1),(199,14,'N','1','1','테스트','테스트','2021-11-21 20:23:32','2021-11-21 20:23:32',1),(200,10,'N','1','1','테스트','테스트','2021-11-21 20:23:32','2021-11-21 20:23:32',1),(201,10,'N','1','1','테스트','테스트','2021-11-21 20:23:33','2021-11-21 20:23:33',1),(202,14,'N','1','1','테스트','테스트','2021-11-21 20:23:34','2021-11-21 20:23:34',1),(203,10,'N','1','1','테스트','테스트','2021-11-21 20:23:35','2021-11-21 20:23:35',1),(204,14,'N','1','1','테스트','테스트','2021-11-21 20:23:35','2021-11-21 20:23:35',1),(205,14,'N','1','1','테스트','테스트','2021-11-21 20:23:42','2021-11-21 20:23:42',1),(207,10,'N','1','1','테스트','테스트','2021-11-21 20:24:28','2021-11-21 20:24:28',1),(208,10,'N','1','1','테스트','테스트','2021-11-21 20:25:01','2021-11-21 20:25:01',1),(209,10,'N','1','1','테스트','테스트','2021-11-21 20:26:37','2021-11-21 20:26:37',1),(210,10,'N','1','1','테스트','테스트','2021-11-21 20:26:39','2021-11-21 20:26:39',1),(211,10,'N','1','1','테스트','테스트','2021-11-21 20:26:47','2021-11-21 20:26:47',1),(212,10,'N','1','1','테스트','테스트','2021-11-21 20:26:47','2021-11-21 20:26:47',1),(213,10,'N','1','1','테스트','테스트','2021-11-21 20:27:42','2021-11-21 20:27:42',1),(214,10,'N','1','1','테스트','테스트','2021-11-21 20:27:42','2021-11-21 20:27:42',1),(215,10,'N','1','1','테스트','테스트','2021-11-21 20:28:32','2021-11-21 20:28:32',1),(216,10,'N','1','1','테스트','테스트','2021-11-21 20:28:32','2021-11-21 20:28:32',1),(217,10,'N','1','1','테스트','테스트','2021-11-21 20:28:39','2021-11-21 20:28:39',1),(218,10,'N','1','1','테스트','테스트','2021-11-21 20:28:39','2021-11-21 20:28:39',1),(219,10,'N','1','1','테스트','테스트','2021-11-21 20:29:03','2021-11-21 20:29:03',1),(220,10,'N','1','1','테스트','테스트','2021-11-21 20:29:03','2021-11-21 20:29:03',1),(221,10,'N','1','1','테스트','테스트','2021-11-21 20:29:38','2021-11-21 20:29:38',1),(222,10,'N','1','1','테스트','테스트','2021-11-21 20:29:38','2021-11-21 20:29:38',1),(223,15,'N','1','1','테스트','테스트','2021-11-21 20:30:34','2021-11-21 20:30:34',1),(241,10,'N','1','1','테스트','테스트','2021-11-21 22:53:56','2021-11-21 22:53:56',1),(242,10,'N','1','1','테스트','테스트','2021-11-21 22:53:56','2021-11-21 22:53:56',1),(243,10,'N','1','1','테스트','테스트','2021-11-21 22:54:54','2021-11-21 22:54:54',1),(244,10,'N','1','1','테스트','테스트','2021-11-21 22:54:54','2021-11-21 22:54:54',1),(245,10,'N','1','1','테스트','테스트','2021-11-21 23:00:10','2021-11-21 23:00:10',2),(246,10,'N','1','1','테스트','테스트','2021-11-21 23:00:10','2021-11-21 23:00:10',2),(247,10,'N','1','1','테스트','테스트','2021-11-21 23:01:15','2021-11-21 23:01:15',2),(250,10,'G','37.2878763','126.8788276','오즈하우스',NULL,'2021-11-21 23:08:13','2021-11-21 23:08:13',22),(251,10,'N','1','1','테스트','테스트','2021-11-21 23:08:30','2021-11-21 23:08:30',2),(252,10,'N','1','1','테스트','테스트','2021-11-21 23:08:30','2021-11-21 23:08:30',2),(253,25,'G','35.8160797','127.0908584','군산시청',NULL,'2021-11-22 14:37:38','2021-11-22 14:37:38',25),(254,35,'G','35.0093061','126.7877983','군산 어도원',NULL,'2021-11-22 19:59:33','2021-11-22 19:59:33',27),(255,10,'N','0','0','군산 어도원','군산 어도원','2021-11-22 22:55:39','2021-11-22 22:55:39',27),(256,15,'N','0','0','부산시청','부산시청','2021-11-22 22:57:57','2021-11-22 22:57:57',1),(257,15,'N','0','0','부산시청','부산시청','2021-11-22 22:58:05','2021-11-22 22:58:05',1),(258,15,'N','0','0','부산시청','부산시청','2021-11-22 22:58:29','2021-11-22 22:58:29',1),(259,15,'N','0','0','군산 어도원','군산 어도원','2021-11-22 23:00:03','2021-11-22 23:00:03',27),(260,15,'N','0','0','군산 어도원','군산 어도원','2021-11-22 23:01:09','2021-11-22 23:01:09',27),(261,15,'N','0','0','군산 어도원','군산 어도원','2021-11-22 23:02:36','2021-11-22 23:02:36',27),(262,15,'N','0','0','군산 어도원','군산 어도원','2021-11-22 23:03:32','2021-11-22 23:03:32',27),(263,15,'N','0','0','군산 어도원','군산 어도원','2021-11-22 23:07:00','2021-11-22 23:07:00',27),(265,15,'N','0','0','군산 은파팰리스','군산 은파팰리스','2021-11-22 23:10:04','2021-11-22 23:10:04',26),(266,15,'N','0','0','군산 은파팰리스','군산 은파팰리스','2021-11-22 23:12:08','2021-11-22 23:12:08',26),(267,10,'G','37.2878763','126.8788276','군산 어도원',NULL,'2021-11-22 23:14:22','2021-11-22 23:14:22',27),(268,15,'N','0','0','군산 은파팰리스','군산 은파팰리스','2021-11-22 23:14:41','2021-11-22 23:14:41',26),(270,15,'N','0','0','군산 은파팰리스','군산 은파팰리스','2021-11-22 23:15:38','2021-11-22 23:15:38',26),(271,15,'N','0','0','군산 은파팰리스','군산 은파팰리스','2021-11-22 23:16:32','2021-11-22 23:16:32',26),(272,15,'N','0','0','군산 은파팰리스','군산 은파팰리스','2021-11-22 23:18:59','2021-11-22 23:18:59',26),(273,15,'N','0','0','군산 은파팰리스','군산 은파팰리스','2021-11-22 23:19:34','2021-11-22 23:19:34',26),(274,15,'N','0','0','군산 은파팰리스','군산 은파팰리스','2021-11-22 23:19:46','2021-11-22 23:19:46',26),(275,15,'N','0','0','군산 은파팰리스','군산 은파팰리스','2021-11-22 23:19:57','2021-11-22 23:19:57',26),(276,15,'N','0','0','군산 은파팰리스','군산 은파팰리스','2021-11-22 23:20:51','2021-11-22 23:20:51',26),(277,15,'N','0','0','군산 어도원','군산 어도원','2021-11-22 23:26:20','2021-11-22 23:26:20',27),(278,15,'N','0','0','군산 어도원','군산 어도원','2021-11-22 23:26:36','2021-11-22 23:26:36',27),(281,4,'G','37.5614104','126.921129','군산 어도원',NULL,'2021-11-24 10:34:29','2021-11-24 10:34:29',27),(283,4,'G','37.561387757823894','126.92107051314235','창조경제혁신센터',NULL,'2021-11-24 10:55:34','2021-11-24 10:55:34',23),(284,4,'G','37.56142389989758','126.92102606045599','CJ미팅장소',NULL,'2021-11-24 15:34:19','2021-11-24 15:34:19',28),(285,44,'G','41.771','12.3099','전북대학교병원',NULL,'2021-11-24 16:24:48','2021-11-24 16:24:48',24),(286,44,'G','41.771','12.3099','CJ미팅장소',NULL,'2021-11-24 16:25:04','2021-11-24 16:25:04',28),(288,15,'N','0','0','군산 어도원','군산 어도원','2021-11-24 18:42:57','2021-11-24 18:42:57',27),(291,4,'G','37.5614044','126.9211227','CJ미팅장소',NULL,'2021-11-25 10:17:42','2021-11-25 10:17:42',28),(292,4,'G','37.5614044','126.9211227','CJ미팅장소',NULL,'2021-11-25 10:32:47','2021-11-25 10:32:47',28),(293,4,'G','37.5614054','126.9211417','CJ미팅장소',NULL,'2021-11-25 10:33:19','2021-11-25 10:33:19',28),(295,2,'G','37.6046045','126.7743015','접객',NULL,'2021-11-25 10:41:56','2021-11-25 10:41:56',3),(296,2,'G','37.6044634','126.7742984','그린패스테스트',NULL,'2021-11-25 10:54:54','2021-11-25 10:54:54',30),(297,45,'G','37.5614054','126.9211417','남양주시청',NULL,'2021-11-25 11:04:38','2021-11-25 11:04:38',31),(298,1,'G','37.2878763','126.8788276','그린패스테스트',NULL,'2021-11-25 11:05:09','2021-11-25 11:05:09',30),(299,45,'G','37.5614054','126.9211417','그린패스테스트',NULL,'2021-11-25 11:06:49','2021-11-25 11:06:49',30),(300,3,'G','37.6360533','127.2164725','남양주시청',NULL,'2021-11-25 11:30:37','2021-11-25 11:30:37',31),(301,3,'G','37.6360037','127.216504','남양주시청',NULL,'2021-11-25 11:31:05','2021-11-25 11:31:05',31),(302,3,'G','37.6360037','127.216504','그린패스테스트',NULL,'2021-11-25 11:31:13','2021-11-25 11:31:13',30),(303,1,'N','0','0','123','123','2021-11-25 13:17:10','2021-11-25 13:17:10',30),(304,2,'N','0','0','1','1','2021-11-25 13:28:04','2021-11-25 13:28:04',30),(305,2,'N','0','0','1','1','2021-11-25 13:28:09','2021-11-25 13:28:09',30),(306,1,'G','37.2878763','126.8788276','익산시청','관공서','2021-11-25 13:30:30','2021-11-25 13:30:30',20),(307,1,'N','0','0','123','123','2021-11-25 13:30:38','2021-11-25 13:30:38',30),(308,2,'N','0','0','1','1','2021-11-25 13:31:17','2021-11-25 13:31:17',30),(309,2,'N','0','0','1','1','2021-11-25 13:31:40','2021-11-25 13:31:40',30),(310,2,'N','0','0','1','1','2021-11-25 13:33:06','2021-11-25 13:33:06',30),(311,2,'N','0','0','그린패스테스트','그린패스테스트','2021-11-25 13:33:21','2021-11-25 13:33:21',30),(312,46,'N','0','0','그린패스테스트','그린패스테스트','2021-11-25 13:35:23','2021-11-25 13:35:23',30),(314,47,'N','0','0','그린패스테스트','그린패스테스트','2021-11-25 13:38:08','2021-11-25 13:38:08',30),(316,47,'G','37.56138834135072','126.92105998563157','남양주시청',NULL,'2021-11-25 13:38:29','2021-11-25 13:38:29',31),(317,47,'N','0','0','그린패스테스트','그린패스테스트','2021-11-25 13:38:33','2021-11-25 13:38:33',30),(318,47,'N','0','0','그린패스테스트','그린패스테스트','2021-11-25 13:38:35','2021-11-25 13:38:35',30),(319,47,'N','0','0','그린패스테스트','그린패스테스트','2021-11-25 13:38:35','2021-11-25 13:38:35',30),(320,47,'N','0','0','그린패스테스트','그린패스테스트','2021-11-25 13:38:36','2021-11-25 13:38:36',30),(321,47,'N','0','0','그린패스테스트','그린패스테스트','2021-11-25 13:38:36','2021-11-25 13:38:36',30),(322,47,'N','0','0','그린패스테스트','그린패스테스트','2021-11-25 13:38:51','2021-11-25 13:38:51',30),(323,47,'N','0','0','그린패스테스트','그린패스테스트','2021-11-25 13:38:55','2021-11-25 13:38:55',30),(324,47,'N','0','0','그린패스테스트','그린패스테스트','2021-11-25 13:38:57','2021-11-25 13:38:57',30),(325,47,'N','0','0','그린패스테스트','그린패스테스트','2021-11-25 13:38:58','2021-11-25 13:38:58',30),(326,47,'G','37.56140251927877','126.92106541481233','남양주시청',NULL,'2021-11-25 13:39:19','2021-11-25 13:39:19',31),(327,47,'N','0','0','그린패스테스트','그린패스테스트','2021-11-25 13:39:25','2021-11-25 13:39:25',30),(328,47,'N','0','0','그린패스테스트','그린패스테스트','2021-11-25 13:39:26','2021-11-25 13:39:26',30),(329,47,'N','0','0','그린패스테스트','그린패스테스트','2021-11-25 13:39:26','2021-11-25 13:39:26',30),(330,47,'N','0','0','그린패스테스트','그린패스테스트','2021-11-25 13:39:27','2021-11-25 13:39:27',30),(331,47,'N','0','0','그린패스테스트','그린패스테스트','2021-11-25 13:39:41','2021-11-25 13:39:41',30),(332,47,'N','0','0','그린패스테스트','그린패스테스트','2021-11-25 13:39:43','2021-11-25 13:39:43',30),(333,47,'N','0','0','그린패스테스트','그린패스테스트','2021-11-25 13:39:44','2021-11-25 13:39:44',30),(335,47,'N','0','0','그린패스테스트','그린패스테스트','2021-11-25 13:40:00','2021-11-25 13:40:00',30),(336,47,'N','0','0','그린패스테스트','그린패스테스트','2021-11-25 13:40:02','2021-11-25 13:40:02',30),(337,47,'N','0','0','그린패스테스트','그린패스테스트','2021-11-25 13:40:03','2021-11-25 13:40:03',30),(338,47,'N','0','0','그린패스테스트','그린패스테스트','2021-11-25 13:40:04','2021-11-25 13:40:04',30),(339,47,'N','0','0','그린패스테스트','그린패스테스트','2021-11-25 13:40:05','2021-11-25 13:40:05',30),(340,47,'N','0','0','그린패스테스트','그린패스테스트','2021-11-25 13:40:05','2021-11-25 13:40:05',30),(341,47,'N','0','0','그린패스테스트','그린패스테스트','2021-11-25 13:40:07','2021-11-25 13:40:07',30),(342,47,'N','0','0','그린패스테스트','그린패스테스트','2021-11-25 13:40:07','2021-11-25 13:40:07',30),(343,47,'N','0','0','그린패스테스트','그린패스테스트','2021-11-25 13:40:08','2021-11-25 13:40:08',30),(344,47,'N','0','0','그린패스테스트','그린패스테스트','2021-11-25 13:40:08','2021-11-25 13:40:08',30),(347,47,'G','37.56140423087431','126.92099892206728','그린패스테스트',NULL,'2021-11-25 15:45:57','2021-11-25 15:45:57',30),(348,3,'G','37.5613948','126.9211352','남양주시청',NULL,'2021-11-25 15:47:27','2021-11-25 15:47:27',31),(349,3,'G','37.5614083','126.9211672','군산 은파팰리스',NULL,'2021-11-25 17:16:55','2021-11-25 17:16:55',26),(350,29,'N','0','0','그린패스테스트','그린패스테스트','2021-11-25 17:49:15','2021-11-25 17:49:15',30),(352,29,'N','0','0','그린패스테스트','그린패스테스트','2021-11-25 17:50:26','2021-11-25 17:50:26',30),(353,15,'N','0','0','그린패스테스트','그린패스테스트','2021-11-25 21:34:45','2021-11-25 21:34:45',30),(354,15,'N','0','0','그린패스테스트','그린패스테스트','2021-11-25 21:54:59','2021-11-25 21:54:59',30),(371,15,'N','0','0','그린패스테스트','그린패스테스트','2021-11-26 00:09:20','2021-11-26 00:09:20',30),(389,3,'G','37.5364039','126.8600706','신안메트로칸',NULL,'2021-11-26 07:22:09','2021-11-26 07:22:09',14),(390,3,'G','37.2453571','127.1036493','군산 은파팰리스',NULL,'2021-11-26 12:54:18','2021-11-26 12:54:18',26),(393,15,'N','0','0','그린패스테스트','그린패스테스트','2021-11-26 14:54:25','2021-11-26 14:54:25',30),(394,15,'N','0','0','그린패스테스트','그린패스테스트','2021-11-26 14:55:49','2021-11-26 14:55:49',30),(396,15,'N','0','0','그린패스테스트','그린패스테스트','2021-11-26 14:58:25','2021-11-26 14:58:25',30),(398,47,'G','37.56133597964336','126.9211325479523','그린패스코리아 본사',NULL,'2021-11-26 15:03:39','2021-11-26 15:03:39',32),(399,47,'N','0','0','그린패스테스트','그린패스테스트','2021-11-26 15:03:48','2021-11-26 15:03:48',30),(400,47,'N','0','0','그린패스테스트','그린패스테스트','2021-11-26 15:03:49','2021-11-26 15:03:49',30),(401,47,'N','0','0','그린패스테스트','그린패스테스트','2021-11-26 15:03:49','2021-11-26 15:03:49',30),(402,47,'N','0','0','그린패스테스트','그린패스테스트','2021-11-26 15:03:50','2021-11-26 15:03:50',30),(403,47,'N','0','0','그린패스테스트','그린패스테스트','2021-11-26 15:03:50','2021-11-26 15:03:50',30),(404,47,'N','0','0','그린패스테스트','그린패스테스트','2021-11-26 15:03:50','2021-11-26 15:03:50',30),(405,47,'N','0','0','그린패스테스트','그린패스테스트','2021-11-26 15:03:51','2021-11-26 15:03:51',30),(406,47,'N','0','0','그린패스테스트','그린패스테스트','2021-11-26 15:03:51','2021-11-26 15:03:51',30),(407,47,'N','0','0','그린패스테스트','그린패스테스트','2021-11-26 15:03:52','2021-11-26 15:03:52',30),(410,15,'N','0','0','그린패스테스트','그린패스테스트','2021-11-26 15:07:52','2021-11-26 15:07:52',30),(412,15,'N','0','0','그린패스테스트','그린패스테스트','2021-11-26 15:11:54','2021-11-26 15:11:54',30),(413,15,'N','0','0','그린패스테스트','그린패스테스트','2021-11-26 15:12:43','2021-11-26 15:12:43',30),(414,15,'N','0','0','그린패스테스트','그린패스테스트','2021-11-26 15:13:28','2021-11-26 15:13:28',30),(415,15,'N','0','0','그린패스테스트','그린패스테스트','2021-11-26 15:13:44','2021-11-26 15:13:44',30),(416,15,'N','0','0','그린패스테스트','그린패스테스트','2021-11-26 15:15:58','2021-11-26 15:15:58',30),(417,15,'N','0','0','그린패스테스트','그린패스테스트','2021-11-26 15:17:18','2021-11-26 15:17:18',30),(418,15,'N','0','0','그린패스테스트','그린패스테스트','2021-11-26 15:21:39','2021-11-26 15:21:39',30),(419,15,'N','0','0','그린패스테스트','그린패스테스트','2021-11-26 15:21:53','2021-11-26 15:21:53',30),(420,15,'N','0','0','그린패스테스트','그린패스테스트','2021-11-26 15:54:15','2021-11-26 15:54:15',30),(426,15,'N','0','0','그린패스테스트','그린패스테스트','2021-11-26 15:54:38','2021-11-26 15:54:38',30),(427,15,'N','0','0','그린패스테스트','그린패스테스트','2021-11-26 15:55:01','2021-11-26 15:55:01',30),(429,15,'N','0','0','그린패스테스트','그린패스테스트','2021-11-26 15:55:06','2021-11-26 15:55:06',30),(430,15,'N','0','0','그린패스테스트','그린패스테스트','2021-11-26 15:55:15','2021-11-26 15:55:15',30),(433,15,'N','0','0','그린패스테스트','그린패스테스트','2021-11-26 15:55:23','2021-11-26 15:55:23',30),(434,15,'N','0','0','그린패스테스트','그린패스테스트','2021-11-26 15:55:26','2021-11-26 15:55:26',30),(435,15,'N','0','0','그린패스테스트','그린패스테스트','2021-11-26 15:55:27','2021-11-26 15:55:27',30),(436,15,'N','0','0','군산 어도원','군산 어도원','2021-11-26 17:46:41','2021-11-26 17:46:41',27),(437,15,'N','0','0','군산 어도원','군산 어도원','2021-11-26 17:47:29','2021-11-26 17:47:29',27),(438,15,'N','0','0','그린패스테스트','그린패스테스트','2021-11-26 17:47:47','2021-11-26 17:47:47',30),(439,15,'N','0','0','군산 어도원','군산 어도원','2021-11-26 17:48:10','2021-11-26 17:48:10',27),(440,15,'N','0','0','군산 어도원','군산 어도원','2021-11-26 18:10:27','2021-11-26 18:10:27',27),(444,15,'N','0','0','그린패스테스트','그린패스테스트','2021-11-26 18:21:02','2021-11-26 18:21:02',30),(446,47,'N','0','0','그린패스테스트','그린패스테스트','2021-11-26 18:22:00','2021-11-26 18:22:00',30),(447,47,'N','0','0','그린패스테스트','그린패스테스트','2021-11-26 18:22:01','2021-11-26 18:22:01',30),(448,47,'N','0','0','그린패스테스트','그린패스테스트','2021-11-26 18:22:02','2021-11-26 18:22:02',30),(449,47,'N','0','0','그린패스테스트','그린패스테스트','2021-11-26 18:22:03','2021-11-26 18:22:03',30),(451,15,'N','0','0','그린패스테스트','그린패스테스트','2021-11-26 18:22:51','2021-11-26 18:22:51',30),(452,15,'N','0','0','그린패스테스트','그린패스테스트','2021-11-26 18:24:58','2021-11-26 18:24:58',30),(455,15,'N','0','0','그린패스테스트','그린패스테스트','2021-11-26 18:38:01','2021-11-26 18:38:01',30),(456,15,'N','0','0','그린패스테스트','그린패스테스트','2021-11-26 18:38:19','2021-11-26 18:38:19',30),(457,15,'N','0','0','그린패스테스트','그린패스테스트','2021-11-26 18:39:07','2021-11-26 18:39:07',30),(458,15,'N','0','0','군산 어도원','군산 어도원','2021-11-26 18:50:00','2021-11-26 18:50:00',27),(459,15,'N','0','0','군산시청','군산시청','2021-11-26 18:50:41','2021-11-26 18:50:41',25),(460,15,'N','0','0','군산시청','군산시청','2021-11-26 18:52:36','2021-11-26 18:52:36',25),(461,15,'N','0','0','그린패스테스트','그린패스테스트','2021-11-26 18:53:28','2021-11-26 18:53:28',30),(462,15,'N','0','0','군산시청','군산시청','2021-11-26 18:56:04','2021-11-26 18:56:04',25),(463,15,'N','0','0','군산시청','군산시청','2021-11-26 18:56:19','2021-11-26 18:56:19',25),(464,15,'N','0','0','군산시청','군산시청','2021-11-26 18:57:48','2021-11-26 18:57:48',25),(465,15,'N','0','0','군산시청','군산시청','2021-11-26 18:58:37','2021-11-26 18:58:37',25),(469,15,'N','0','0','군산시청','군산시청','2021-11-26 18:59:24','2021-11-26 18:59:24',25),(470,15,'N','0','0','그린패스테스트','그린패스테스트','2021-11-26 18:59:52','2021-11-26 18:59:52',30),(472,15,'N','0','0','군산시청','군산시청','2021-11-26 19:00:24','2021-11-26 19:00:24',25),(473,15,'N','0','0','그린패스테스트','그린패스테스트','2021-11-26 19:05:09','2021-11-26 19:05:09',30),(474,15,'N','0','0','군산시청','군산시청','2021-11-26 19:05:24','2021-11-26 19:05:24',25),(475,15,'N','0','0','그린패스테스트','그린패스테스트','2021-11-26 19:15:08','2021-11-26 19:15:08',30),(476,15,'N','0','0','그린패스테스트','그린패스테스트','2021-11-26 19:15:16','2021-11-26 19:15:16',30),(478,15,'N','0','0','그린패스테스트','그린패스테스트','2021-11-26 19:20:52','2021-11-26 19:20:52',30),(479,15,'N','0','0','그린패스테스트','그린패스테스트','2021-11-26 19:25:55','2021-11-26 19:25:55',30),(480,15,'N','0','0','그린패스테스트','그린패스테스트','2021-11-26 19:26:07','2021-11-26 19:26:07',30),(481,15,'N','0','0','그린패스테스트','그린패스테스트','2021-11-26 19:26:13','2021-11-26 19:26:13',30),(482,15,'N','0','0','군산시청','군산시청','2021-11-26 19:26:28','2021-11-26 19:26:28',25),(483,15,'N','0','0','그린패스테스트','그린패스테스트','2021-11-26 19:26:39','2021-11-26 19:26:39',30),(484,15,'N','0','0','군산시청','군산시청','2021-11-26 19:26:50','2021-11-26 19:26:50',25),(485,15,'N','0','0','그린패스테스트','그린패스테스트','2021-11-26 19:26:54','2021-11-26 19:26:54',30),(486,15,'N','0','0','그린패스테스트','그린패스테스트','2021-11-26 19:27:03','2021-11-26 19:27:03',30),(487,15,'N','0','0','그린패스테스트','그린패스테스트','2021-11-26 19:35:25','2021-11-26 19:35:25',30),(488,15,'N','0','0','군산시청','군산시청','2021-11-26 19:39:06','2021-11-26 19:39:06',25),(489,15,'N','0','0','군산시청','군산시청','2021-11-26 19:50:01','2021-11-26 19:50:01',25),(490,15,'N','0','0','그린패스테스트','그린패스테스트','2021-11-26 19:50:05','2021-11-26 19:50:05',30),(491,15,'N','0','0','그린패스테스트','그린패스테스트','2021-11-26 19:50:12','2021-11-26 19:50:12',30),(492,15,'N','0','0','군산시청','군산시청','2021-11-26 19:51:46','2021-11-26 19:51:46',25),(493,15,'N','0','0','그린패스테스트','그린패스테스트','2021-11-26 19:52:22','2021-11-26 19:52:22',30),(494,15,'N','0','0','그린패스테스트','그린패스테스트','2021-11-26 19:52:34','2021-11-26 19:52:34',30),(495,15,'N','0','0','그린패스테스트','그린패스테스트','2021-11-26 19:52:52','2021-11-26 19:52:52',30),(496,15,'N','0','0','그린패스테스트','그린패스테스트','2021-11-26 19:52:57','2021-11-26 19:52:57',30),(497,15,'N','0','0','그린패스테스트','그린패스테스트','2021-11-26 19:53:01','2021-11-26 19:53:01',30),(498,15,'N','0','0','그린패스테스트','그린패스테스트','2021-11-26 19:53:46','2021-11-26 19:53:46',30),(499,15,'N','0','0','그린패스테스트','그린패스테스트','2021-11-26 19:54:04','2021-11-26 19:54:04',30),(500,15,'N','0','0','그린패스테스트','그린패스테스트','2021-11-26 19:54:08','2021-11-26 19:54:08',30),(501,15,'N','0','0','그린패스테스트','그린패스테스트','2021-11-26 19:54:12','2021-11-26 19:54:12',30),(502,15,'N','0','0','군산시청','군산시청','2021-11-26 19:58:29','2021-11-26 19:58:29',25),(503,15,'N','0','0','그린패스테스트','그린패스테스트','2021-11-26 19:58:38','2021-11-26 19:58:38',30),(504,15,'N','0','0','그린패스테스트','그린패스테스트','2021-11-26 19:58:42','2021-11-26 19:58:42',30),(505,15,'N','0','0','그린패스테스트','그린패스테스트','2021-11-26 19:58:49','2021-11-26 19:58:49',30),(506,15,'N','0','0','군산시청','군산시청','2021-11-26 20:14:56','2021-11-26 20:14:56',25),(507,15,'N','0','0','군산시청','군산시청','2021-11-26 20:15:02','2021-11-26 20:15:02',25),(508,15,'N','0','0','그린패스테스트','그린패스테스트','2021-11-26 20:19:53','2021-11-26 20:19:53',30),(509,15,'N','0','0','그린패스테스트','그린패스테스트','2021-11-26 20:20:02','2021-11-26 20:20:02',30),(510,15,'N','0','0','그린패스테스트','그린패스테스트','2021-11-26 20:20:13','2021-11-26 20:20:13',30),(511,15,'N','0','0','그린패스테스트','그린패스테스트','2021-11-26 20:20:16','2021-11-26 20:20:16',30),(512,15,'N','0','0','그린패스테스트','그린패스테스트','2021-11-26 20:20:19','2021-11-26 20:20:19',30),(513,15,'N','0','0','그린패스테스트','그린패스테스트','2021-11-26 20:20:19','2021-11-26 20:20:19',30),(514,15,'N','0','0','그린패스테스트','그린패스테스트','2021-11-26 20:20:22','2021-11-26 20:20:22',30),(515,15,'N','0','0','군산시청','군산시청','2021-11-26 20:20:30','2021-11-26 20:20:30',25),(516,15,'N','0','0','군산시청','군산시청','2021-11-26 20:22:05','2021-11-26 20:22:05',25),(517,15,'N','0','0','그린패스테스트','그린패스테스트','2021-11-26 20:22:15','2021-11-26 20:22:15',30),(518,15,'N','0','0','그린패스테스트','그린패스테스트','2021-11-26 20:22:28','2021-11-26 20:22:28',30),(519,15,'N','0','0','그린패스테스트','그린패스테스트','2021-11-26 20:23:19','2021-11-26 20:23:19',30),(520,15,'N','0','0','군산시청','군산시청','2021-11-26 20:23:55','2021-11-26 20:23:55',25),(521,15,'N','0','0','그린패스테스트','그린패스테스트','2021-11-26 20:24:30','2021-11-26 20:24:30',30),(522,15,'N','0','0','군산시청','군산시청','2021-11-26 20:24:39','2021-11-26 20:24:39',25),(523,15,'N','0','0','군산시청','군산시청','2021-11-26 20:27:44','2021-11-26 20:27:44',25),(524,15,'N','0','0','그린패스테스트','그린패스테스트','2021-11-26 20:27:49','2021-11-26 20:27:49',30),(525,15,'N','0','0','군산시청','군산시청','2021-11-26 20:29:01','2021-11-26 20:29:01',25),(526,15,'N','0','0','그린패스테스트','그린패스테스트','2021-11-26 20:29:04','2021-11-26 20:29:04',30),(527,15,'N','0','0','그린패스테스트','그린패스테스트','2021-11-26 20:29:04','2021-11-26 20:29:04',30),(528,15,'N','0','0','그린패스테스트','그린패스테스트','2021-11-26 20:29:08','2021-11-26 20:29:08',30),(529,15,'N','0','0','그린패스테스트','그린패스테스트','2021-11-26 20:29:12','2021-11-26 20:29:12',30),(530,15,'N','0','0','군산시청','군산시청','2021-11-26 20:29:24','2021-11-26 20:29:24',25),(531,15,'N','0','0','그린패스테스트','그린패스테스트','2021-11-26 20:29:29','2021-11-26 20:29:29',30),(532,15,'N','0','0','그린패스테스트','그린패스테스트','2021-11-26 20:29:31','2021-11-26 20:29:31',30),(533,15,'N','0','0','그린패스테스트','그린패스테스트','2021-11-26 20:29:31','2021-11-26 20:29:31',30),(534,15,'N','0','0','그린패스테스트','그린패스테스트','2021-11-26 20:29:34','2021-11-26 20:29:34',30),(535,15,'N','0','0','그린패스테스트','그린패스테스트','2021-11-26 20:30:05','2021-11-26 20:30:05',30),(537,15,'N','0','0','그린패스테스트','그린패스테스트','2021-11-26 23:45:03','2021-11-26 23:45:03',30),(539,15,'N','0','0','그린패스테스트','그린패스테스트','2021-11-26 23:45:31','2021-11-26 23:45:31',30),(541,15,'N','0','0','그린패스테스트','그린패스테스트','2021-11-26 23:51:35','2021-11-26 23:51:35',30),(542,15,'N','0','0','그린패스테스트','그린패스테스트','2021-11-26 23:51:37','2021-11-26 23:51:37',30),(543,15,'N','0','0','그린패스테스트','그린패스테스트','2021-11-26 23:52:04','2021-11-26 23:52:04',30),(544,15,'N','0','0','그린패스테스트','그린패스테스트','2021-11-26 23:52:07','2021-11-26 23:52:07',30),(545,15,'N','0','0','그린패스테스트','그린패스테스트','2021-11-26 23:52:25','2021-11-26 23:52:25',30),(546,15,'N','0','0','그린패스테스트','그린패스테스트','2021-11-26 23:52:28','2021-11-26 23:52:28',30),(547,15,'N','0','0','그린패스테스트','그린패스테스트','2021-11-26 23:52:30','2021-11-26 23:52:30',30),(548,15,'N','0','0','그린패스테스트','그린패스테스트','2021-11-26 23:52:34','2021-11-26 23:52:34',30),(550,15,'N','0','0','그린패스테스트','그린패스테스트','2021-11-27 00:04:43','2021-11-27 00:04:43',30),(551,15,'N','0','0','그린패스테스트','그린패스테스트','2021-11-27 00:06:54','2021-11-27 00:06:54',30),(552,15,'N','0','0','그린패스테스트','그린패스테스트','2021-11-27 00:06:55','2021-11-27 00:06:55',30),(553,15,'N','0','0','그린패스테스트','그린패스테스트','2021-11-27 00:07:46','2021-11-27 00:07:46',30),(554,15,'N','0','0','그린패스테스트','그린패스테스트','2021-11-27 00:07:48','2021-11-27 00:07:48',30),(555,15,'N','0','0','그린패스테스트','그린패스테스트','2021-11-27 00:07:48','2021-11-27 00:07:48',30),(556,15,'N','0','0','그린패스테스트','그린패스테스트','2021-11-27 00:08:09','2021-11-27 00:08:09',30),(557,15,'N','0','0','그린패스테스트','그린패스테스트','2021-11-27 00:08:10','2021-11-27 00:08:10',30),(558,15,'N','0','0','그린패스테스트','그린패스테스트','2021-11-27 00:08:12','2021-11-27 00:08:12',30),(559,15,'N','0','0','그린패스테스트','그린패스테스트','2021-11-27 00:09:25','2021-11-27 00:09:25',30),(560,15,'N','0','0','그린패스테스트','그린패스테스트','2021-11-27 00:09:27','2021-11-27 00:09:27',30),(561,15,'N','0','0','그린패스테스트','그린패스테스트','2021-11-27 00:09:27','2021-11-27 00:09:27',30),(563,15,'N','0','0','그린패스테스트','그린패스테스트','2021-11-27 00:09:50','2021-11-27 00:09:50',30),(564,15,'N','0','0','그린패스테스트','그린패스테스트','2021-11-27 00:09:50','2021-11-27 00:09:50',30),(565,15,'N','0','0','그린패스테스트','그린패스테스트','2021-11-27 00:11:55','2021-11-27 00:11:55',30),(566,15,'N','0','0','그린패스테스트','그린패스테스트','2021-11-27 00:11:55','2021-11-27 00:11:55',30),(567,15,'N','0','0','그린패스테스트','그린패스테스트','2021-11-27 00:13:26','2021-11-27 00:13:26',30),(568,15,'N','0','0','그린패스테스트','그린패스테스트','2021-11-27 00:13:29','2021-11-27 00:13:29',30),(569,15,'N','0','0','그린패스테스트','그린패스테스트','2021-11-27 00:14:51','2021-11-27 00:14:51',30),(570,15,'N','0','0','그린패스테스트','그린패스테스트','2021-11-27 00:14:51','2021-11-27 00:14:51',30),(571,15,'N','0','0','그린패스테스트','그린패스테스트','2021-11-27 00:14:52','2021-11-27 00:14:52',30),(572,15,'N','0','0','그린패스테스트','그린패스테스트','2021-11-27 00:15:01','2021-11-27 00:15:01',30),(573,15,'N','0','0','그린패스테스트','그린패스테스트','2021-11-27 00:15:01','2021-11-27 00:15:01',30),(574,15,'N','0','0','그린패스테스트','그린패스테스트','2021-11-27 00:15:01','2021-11-27 00:15:01',30),(576,15,'N','0','0','그린패스테스트','그린패스테스트','2021-11-27 00:15:33','2021-11-27 00:15:33',30),(577,15,'N','0','0','그린패스테스트','그린패스테스트','2021-11-27 00:15:33','2021-11-27 00:15:33',30),(578,15,'N','0','0','그린패스테스트','그린패스테스트','2021-11-27 00:15:33','2021-11-27 00:15:33',30),(579,15,'N','0','0','그린패스테스트','그린패스테스트','2021-11-27 00:15:33','2021-11-27 00:15:33',30),(580,15,'N','0','0','그린패스테스트','그린패스테스트','2021-11-27 00:15:34','2021-11-27 00:15:34',30),(581,15,'N','0','0','그린패스테스트','그린패스테스트','2021-11-27 00:15:38','2021-11-27 00:15:38',30),(582,15,'N','0','0','그린패스테스트','그린패스테스트','2021-11-27 00:15:39','2021-11-27 00:15:39',30),(583,15,'N','0','0','그린패스테스트','그린패스테스트','2021-11-27 00:15:39','2021-11-27 00:15:39',30),(584,15,'N','0','0','그린패스테스트','그린패스테스트','2021-11-27 00:15:39','2021-11-27 00:15:39',30),(585,15,'N','0','0','그린패스테스트','그린패스테스트','2021-11-27 00:15:39','2021-11-27 00:15:39',30),(588,15,'N','0','0','그린패스테스트','그린패스테스트','2021-11-27 00:20:38','2021-11-27 00:20:38',30),(589,15,'N','0','0','그린패스테스트','그린패스테스트','2021-11-27 00:21:45','2021-11-27 00:21:45',30),(591,15,'N','0','0','그린패스테스트','그린패스테스트','2021-11-27 00:22:42','2021-11-27 00:22:42',30),(592,15,'N','0','0','그린패스테스트','그린패스테스트','2021-11-27 00:22:49','2021-11-27 00:22:49',30),(593,15,'N','0','0','그린패스테스트','그린패스테스트','2021-11-27 00:22:53','2021-11-27 00:22:53',30),(594,15,'N','0','0','그린패스테스트','그린패스테스트','2021-11-27 00:22:56','2021-11-27 00:22:56',30),(596,15,'N','0','0','그린패스테스트','그린패스테스트','2021-11-27 00:23:04','2021-11-27 00:23:04',30),(597,15,'N','0','0','그린패스테스트','그린패스테스트','2021-11-27 00:23:08','2021-11-27 00:23:08',30),(598,15,'N','0','0','그린패스테스트','그린패스테스트','2021-11-27 00:23:13','2021-11-27 00:23:13',30),(600,15,'N','0','0','그린패스테스트','그린패스테스트','2021-11-27 00:24:13','2021-11-27 00:24:13',30),(601,15,'N','0','0','그린패스테스트','그린패스테스트','2021-11-27 00:24:24','2021-11-27 00:24:24',30),(602,15,'N','0','0','그린패스테스트','그린패스테스트','2021-11-27 00:24:55','2021-11-27 00:24:55',30),(603,15,'N','0','0','그린패스테스트','그린패스테스트','2021-11-27 00:25:03','2021-11-27 00:25:03',30),(604,15,'N','0','0','그린패스테스트','그린패스테스트','2021-11-27 00:25:08','2021-11-27 00:25:08',30),(605,15,'N','0','0','그린패스테스트','그린패스테스트','2021-11-27 00:25:24','2021-11-27 00:25:24',30),(606,15,'N','0','0','그린패스테스트','그린패스테스트','2021-11-27 00:25:29','2021-11-27 00:25:29',30),(607,15,'N','0','0','그린패스테스트','그린패스테스트','2021-11-27 00:25:58','2021-11-27 00:25:58',30),(608,15,'N','0','0','그린패스테스트','그린패스테스트','2021-11-27 00:26:17','2021-11-27 00:26:17',30),(609,15,'N','0','0','그린패스테스트','그린패스테스트','2021-11-27 00:26:24','2021-11-27 00:26:24',30),(610,15,'N','0','0','그린패스테스트','그린패스테스트','2021-11-27 00:26:33','2021-11-27 00:26:33',30),(611,15,'N','0','0','그린패스테스트','그린패스테스트','2021-11-27 00:26:38','2021-11-27 00:26:38',30),(612,15,'N','0','0','그린패스테스트','그린패스테스트','2021-11-27 00:26:44','2021-11-27 00:26:44',30),(613,15,'N','0','0','그린패스테스트','그린패스테스트','2021-11-27 00:26:51','2021-11-27 00:26:51',30),(614,15,'N','0','0','그린패스테스트','그린패스테스트','2021-11-27 00:28:36','2021-11-27 00:28:36',30),(616,15,'N','0','0','그린패스테스트','그린패스테스트','2021-11-27 00:28:46','2021-11-27 00:28:46',30),(617,15,'N','0','0','그린패스테스트','그린패스테스트','2021-11-27 00:28:48','2021-11-27 00:28:48',30),(618,15,'N','0','0','그린패스테스트','그린패스테스트','2021-11-27 00:28:51','2021-11-27 00:28:51',30),(619,15,'N','0','0','그린패스테스트','그린패스테스트','2021-11-27 00:29:18','2021-11-27 00:29:18',30),(620,15,'N','0','0','그린패스테스트','그린패스테스트','2021-11-27 00:29:24','2021-11-27 00:29:24',30),(621,15,'N','0','0','그린패스테스트','그린패스테스트','2021-11-27 00:29:30','2021-11-27 00:29:30',30),(622,15,'N','0','0','그린패스테스트','그린패스테스트','2021-11-27 00:29:36','2021-11-27 00:29:36',30),(623,3,'G','35.9846262','126.7089294','군산 은파팰리스',NULL,'2021-11-27 10:04:25','2021-11-27 10:04:25',26),(624,3,'G','37.5195915','126.8733899','그린패스코리아 본사',NULL,'2021-11-28 19:22:22','2021-11-28 19:22:22',32),(626,15,'N','0','0','그린패스테스트','그린패스테스트','2021-11-28 19:35:47','2021-11-28 19:35:47',30),(627,15,'N','0','0','그린패스테스트','그린패스테스트','2021-11-28 19:36:41','2021-11-28 19:36:41',30),(629,15,'N','0','0','그린패스테스트','그린패스테스트','2021-11-28 19:37:04','2021-11-28 19:37:04',30),(631,15,'N','0','0','그린패스테스트','그린패스테스트','2021-11-28 19:50:54','2021-11-28 19:50:54',30),(632,15,'N','0','0','그린패스테스트','그린패스테스트','2021-11-28 19:52:25','2021-11-28 19:52:25',30),(633,15,'N','0','0','그린패스테스트','그린패스테스트','2021-11-28 19:52:49','2021-11-28 19:52:49',30),(634,15,'N','0','0','그린패스테스트','그린패스테스트','2021-11-28 19:52:58','2021-11-28 19:52:58',30),(635,15,'N','0','0','그린패스테스트','그린패스테스트','2021-11-28 19:53:03','2021-11-28 19:53:03',30),(636,15,'N','0','0','그린패스테스트','그린패스테스트','2021-11-28 19:55:11','2021-11-28 19:55:11',30),(637,15,'N','0','0','그린패스테스트','그린패스테스트','2021-11-28 19:55:19','2021-11-28 19:55:19',30),(638,15,'N','0','0','그린패스테스트','그린패스테스트','2021-11-28 19:55:26','2021-11-28 19:55:26',30),(639,15,'N','0','0','그린패스테스트','그린패스테스트','2021-11-28 20:22:07','2021-11-28 20:22:07',30),(640,15,'N','0','0','그린패스테스트','그린패스테스트','2021-11-28 20:22:11','2021-11-28 20:22:11',30),(641,15,'N','0','0','그린패스테스트','그린패스테스트','2021-11-28 20:22:17','2021-11-28 20:22:17',30),(642,15,'N','0','0','그린패스테스트','그린패스테스트','2021-11-28 20:36:07','2021-11-28 20:36:07',30),(643,15,'N','0','0','그린패스테스트','그린패스테스트','2021-11-28 20:36:12','2021-11-28 20:36:12',30),(644,15,'N','0','0','그린패스테스트','그린패스테스트','2021-11-28 20:36:19','2021-11-28 20:36:19',30),(645,15,'N','0','0','그린패스테스트','그린패스테스트','2021-11-28 21:01:46','2021-11-28 21:01:46',30),(646,15,'N','0','0','그린패스테스트','그린패스테스트','2021-11-28 21:16:51','2021-11-28 21:16:51',30),(647,15,'N','0','0','그린패스테스트','그린패스테스트','2021-11-28 21:16:56','2021-11-28 21:16:56',30),(648,15,'N','0','0','그린패스테스트','그린패스테스트','2021-11-28 21:17:01','2021-11-28 21:17:01',30),(649,3,'G','37.2419161','127.180597','용인시청',NULL,'2021-11-29 15:07:26','2021-11-29 15:07:26',35),(650,3,'G','37.2409956','127.1778103','용인시청',NULL,'2021-11-29 15:27:40','2021-11-29 15:27:40',35),(651,3,'G','37.2409792','127.1778298','용인시청',NULL,'2021-11-29 15:44:52','2021-11-29 15:44:52',35),(652,3,'G','37.6638167','126.7669414','그린패스코리아 본사',NULL,'2021-11-29 17:55:07','2021-11-29 17:55:07',32),(653,15,'N','0','0','그린패스테스트','그린패스테스트','2021-11-29 22:40:26','2021-11-29 22:40:26',30),(654,15,'N','0','0','그린패스테스트','그린패스테스트','2021-11-29 22:40:30','2021-11-29 22:40:30',30),(655,15,'N','0','0','그린패스테스트','그린패스테스트','2021-11-29 22:40:36','2021-11-29 22:40:36',30),(656,15,'N','0','0','그린패스테스트','그린패스테스트','2021-11-29 22:41:28','2021-11-29 22:41:28',30),(657,3,'G','35.8429066','126.8739631','군산시청',NULL,'2021-11-30 10:28:20','2021-11-30 10:28:20',25),(660,50,'N','0','0','그린패스테스트','그린패스테스트','2021-11-30 13:34:15','2021-11-30 13:34:15',30),(661,3,'G','35.8160813','127.0908535','(주)하이테크팜',NULL,'2021-11-30 16:14:06','2021-11-30 16:14:06',37),(662,46,'G','37.5614077','126.9211411','은하수 즉석떡볶이',NULL,'2021-12-01 14:01:23','2021-12-01 14:01:23',18),(663,15,'N','0','0','그린패스테스트','그린패스테스트','2021-12-01 21:54:11','2021-12-01 21:54:11',30),(664,15,'N','0','0','그린패스테스트','그린패스테스트','2021-12-01 21:54:13','2021-12-01 21:54:13',30),(665,15,'N','0','0','그린패스테스트','그린패스테스트','2021-12-01 21:54:23','2021-12-01 21:54:23',30),(666,2,'G','37.604171404245164','126.7742452987697','그린패스코리아 본사',NULL,'2021-12-01 21:56:25','2021-12-01 21:56:25',32),(667,3,'G','35.9619415','126.6911505','남다른감자탕 삼성역점',NULL,'2021-12-02 01:20:39','2021-12-02 01:20:39',39),(668,3,'G','37.5614285','126.9211044','그린패스코리아 본사',NULL,'2021-12-02 17:23:55','2021-12-02 17:23:55',32),(669,3,'G','37.6361498','127.2167734','남양주시청',NULL,'2021-12-03 10:33:45','2021-12-03 10:33:45',31),(670,3,'G','37.6361475','127.2167599','남양주시청',NULL,'2021-12-03 10:37:43','2021-12-03 10:37:43',31),(671,3,'G','37.6361564','127.2167636','남양주시청',NULL,'2021-12-03 10:38:15','2021-12-03 10:38:15',31),(672,3,'G','37.6361383','127.2167424','남양주시청',NULL,'2021-12-03 10:39:21','2021-12-03 10:39:21',31),(673,3,'G','37.6361469','127.2165565','남양주시청',NULL,'2021-12-03 10:52:00','2021-12-03 10:52:00',31),(674,3,'G','37.6361434','127.2165594','남양주시청',NULL,'2021-12-03 10:56:07','2021-12-03 10:56:07',31),(675,3,'G','37.6361497','127.2165506','남양주시청',NULL,'2021-12-03 10:56:37','2021-12-03 10:56:37',31),(676,3,'G','37.6373335','127.2201162','남양주시청',NULL,'2021-12-03 11:13:34','2021-12-03 11:13:34',31),(677,3,'G','37.6355092','127.2155713','남양주시청',NULL,'2021-12-03 11:26:01','2021-12-03 11:26:01',31),(679,58,'G','35.3128742','128.3580654','부산시청',NULL,'2021-12-04 15:31:31','2021-12-04 15:31:31',1),(680,3,'G','37.5587412','126.8391046','그린패스코리아 본사',NULL,'2021-12-04 15:44:39','2021-12-04 15:44:39',32),(681,3,'G','37.3942086','126.9567514','안양시청',NULL,'2021-12-06 11:02:13','2021-12-06 11:02:13',34),(683,3,'G','37.3936325','126.956474','명동칼국수',NULL,'2021-12-06 11:09:22','2021-12-06 11:09:22',40),(684,3,'G','37.3921889','126.9547303','안양시청',NULL,'2021-12-06 11:12:07','2021-12-06 11:12:07',34),(685,3,'G','37.3943218','126.9568664','안양시청',NULL,'2021-12-06 11:18:40','2021-12-06 11:18:40',34),(686,3,'G','37.3925313','126.9558882','안양시청',NULL,'2021-12-06 11:19:28','2021-12-06 11:19:28',34),(687,3,'G','37.3916117','126.9589739','안양시청',NULL,'2021-12-06 11:20:17','2021-12-06 11:20:17',34),(689,63,'G','37.39250183812812','126.95536806523346','안양시청',NULL,'2021-12-06 18:06:56','2021-12-06 18:06:56',34);
/*!40000 ALTER TABLE `user_auth_hst` ENABLE KEYS */;
UNLOCK TABLES;

--
-- Table structure for table `user_favorite`
--

DROP TABLE IF EXISTS `user_favorite`;
/*!40101 SET @saved_cs_client     = @@character_set_client */;
/*!40101 SET character_set_client = utf8 */;
CREATE TABLE `user_favorite` (
  `user_favorite_seqno` bigint(20) NOT NULL AUTO_INCREMENT,
  `partner_auth_seqno` bigint(20) NOT NULL,
  `user_seqno` bigint(20) NOT NULL,
  `create_dt` datetime DEFAULT current_timestamp(),
  `update_dt` datetime DEFAULT current_timestamp(),
  PRIMARY KEY (`user_favorite_seqno`)
) ENGINE=InnoDB AUTO_INCREMENT=71 DEFAULT CHARSET=utf16;
/*!40101 SET character_set_client = @saved_cs_client */;

--
-- Dumping data for table `user_favorite`
--

LOCK TABLES `user_favorite` WRITE;
/*!40000 ALTER TABLE `user_favorite` DISABLE KEYS */;
INSERT INTO `user_favorite` VALUES (23,2,3,'2021-11-01 05:54:50','2021-11-01 05:54:50'),(24,21,1,'2021-11-02 16:42:34','2021-11-02 16:42:34'),(25,20,1,'2021-11-02 16:42:37','2021-11-02 16:42:37'),(26,15,1,'2021-11-02 16:42:43','2021-11-02 16:42:43'),(27,1,12,'2021-11-03 07:20:01','2021-11-03 07:20:01'),(28,24,12,'2021-11-04 08:05:34','2021-11-04 08:05:34'),(29,23,12,'2021-11-04 08:05:36','2021-11-04 08:05:36'),(30,22,12,'2021-11-04 08:05:37','2021-11-04 08:05:37'),(31,3,12,'2021-11-04 08:05:39','2021-11-04 08:05:39'),(32,21,12,'2021-11-04 08:05:41','2021-11-04 08:05:41'),(33,20,12,'2021-11-04 08:05:43','2021-11-04 08:05:43'),(34,19,12,'2021-11-04 08:05:44','2021-11-04 08:05:44'),(35,18,12,'2021-11-04 08:05:45','2021-11-04 08:05:45'),(36,2,12,'2021-11-04 08:05:49','2021-11-04 08:05:49'),(37,12,12,'2021-11-04 08:05:51','2021-11-04 08:05:51'),(38,13,12,'2021-11-04 08:05:53','2021-11-04 08:05:53'),(39,14,12,'2021-11-04 08:05:54','2021-11-04 08:05:54'),(40,15,12,'2021-11-04 08:06:06','2021-11-04 08:06:06'),(41,24,3,'2021-11-11 08:44:00','2021-11-11 08:44:00'),(42,27,14,'2021-11-14 12:29:13','2021-11-14 12:29:13'),(43,26,14,'2021-11-14 12:41:05','2021-11-14 12:41:05'),(44,1,14,'2021-11-14 12:47:32','2021-11-14 12:47:32'),(46,26,15,'2021-11-15 14:33:59','2021-11-15 14:33:59'),(47,25,3,'2021-11-20 02:26:15','2021-11-20 02:26:15'),(48,25,15,'2021-11-21 11:10:46','2021-11-21 11:10:46'),(49,27,10,'2021-11-21 14:06:31','2021-11-21 14:06:31'),(50,24,15,'2021-11-21 16:22:57','2021-11-21 16:22:57'),(51,25,25,'2021-11-22 05:37:36','2021-11-22 05:37:36'),(52,2,30,'2021-11-22 09:13:56','2021-11-22 09:13:56'),(53,2,31,'2021-11-22 09:18:01','2021-11-22 09:18:01'),(54,1,31,'2021-11-22 09:18:04','2021-11-22 09:18:04'),(55,1,30,'2021-11-22 10:40:15','2021-11-22 10:40:15'),(56,24,34,'2021-11-22 10:41:25','2021-11-22 10:41:25'),(57,27,15,'2021-11-22 14:27:05','2021-11-22 14:27:05'),(58,27,41,'2021-11-23 00:09:33','2021-11-23 00:09:33'),(59,15,43,'2021-11-23 02:44:46','2021-11-23 02:44:46'),(60,28,15,'2021-11-24 09:29:04','2021-11-24 09:29:04'),(61,32,41,'2021-11-26 02:53:38','2021-11-26 02:53:38'),(63,31,3,'2021-12-03 01:40:15','2021-12-03 01:40:15'),(64,26,59,'2021-12-04 08:14:38','2021-12-04 08:14:38'),(65,27,59,'2021-12-04 08:14:41','2021-12-04 08:14:41'),(66,33,59,'2021-12-04 08:14:46','2021-12-04 08:14:46'),(67,37,59,'2021-12-04 08:14:49','2021-12-04 08:14:49'),(68,1,60,'2021-12-04 11:16:49','2021-12-04 11:16:49'),(69,34,3,'2021-12-06 02:05:38','2021-12-06 02:05:38'),(70,1,61,'2021-12-06 07:59:15','2021-12-06 07:59:15');
/*!40000 ALTER TABLE `user_favorite` ENABLE KEYS */;
UNLOCK TABLES;

--
-- Table structure for table `user_info`
--

DROP TABLE IF EXISTS `user_info`;
/*!40101 SET @saved_cs_client     = @@character_set_client */;
/*!40101 SET character_set_client = utf8 */;
CREATE TABLE `user_info` (
  `user_seqno` bigint(20) NOT NULL AUTO_INCREMENT,
  `user_birthday` int(8) DEFAULT 0,
  `user_phone` varchar(20) DEFAULT NULL,
  `sns_kakao` varchar(200) DEFAULT NULL,
  `sns_naver` varchar(200) DEFAULT NULL,
  `sns_apple` varchar(200) DEFAULT NULL,
  `sns_google` varchar(200) DEFAULT NULL,
  `create_dt` datetime DEFAULT current_timestamp(),
  `update_dt` datetime DEFAULT current_timestamp(),
  PRIMARY KEY (`user_seqno`),
  KEY `user_info__index_1` (`user_phone`)
) ENGINE=InnoDB AUTO_INCREMENT=66 DEFAULT CHARSET=utf16;
/*!40101 SET character_set_client = @saved_cs_client */;

--
-- Dumping data for table `user_info`
--

LOCK TABLES `user_info` WRITE;
/*!40000 ALTER TABLE `user_info` DISABLE KEYS */;
INSERT INTO `user_info` VALUES (1,19920610,'01077564321',NULL,NULL,NULL,NULL,'2021-10-21 14:22:58','2021-10-21 14:22:58'),(2,19861222,'01054405414',NULL,NULL,NULL,NULL,'2021-10-25 05:37:35','2021-10-25 05:37:35'),(3,19770913,'01063315552',NULL,NULL,NULL,NULL,'2021-10-25 22:19:50','2021-10-25 22:19:50'),(4,19890206,'01040252389',NULL,NULL,NULL,NULL,'2021-10-26 00:21:14','2021-10-26 00:21:14'),(5,19841126,'01056435620',NULL,NULL,NULL,NULL,'2021-10-26 01:57:50','2021-10-26 01:57:50'),(6,19971003,'01031857398',NULL,NULL,NULL,NULL,'2021-10-26 03:02:26','2021-10-26 03:02:26'),(7,19891202,'01056569873',NULL,NULL,NULL,NULL,'2021-10-26 03:05:10','2021-10-26 03:05:10'),(8,19901103,'01077612895',NULL,NULL,NULL,NULL,'2021-10-26 03:09:21','2021-10-26 03:09:21'),(9,0,NULL,NULL,NULL,NULL,'105890784781116084166','2021-10-31 07:55:19','2021-10-31 07:55:19'),(10,0,NULL,NULL,'botbinoo@naver.com',NULL,NULL,'2021-10-31 08:01:06','2021-10-31 08:01:06'),(11,0,NULL,'wjsalsdnrk7@naver.com',NULL,NULL,NULL,'2021-10-31 09:38:48','2021-10-31 09:38:48'),(12,19900820,'01025297440',NULL,NULL,NULL,NULL,'2021-11-03 07:19:21','2021-11-03 07:19:21'),(13,0,NULL,NULL,NULL,NULL,'wjsalsdnrk7@gmail.com','2021-11-14 10:53:40','2021-11-14 10:53:40'),(14,0,NULL,NULL,NULL,NULL,'han041722@gmail.com','2021-11-14 12:28:46','2021-11-14 12:28:46'),(15,0,NULL,'han041722@gmail.com',NULL,NULL,NULL,'2021-11-14 16:07:33','2021-11-14 16:07:33'),(16,0,NULL,NULL,NULL,NULL,'hongveloper@gmail.com','2021-11-15 02:25:01','2021-11-15 02:25:01'),(17,0,NULL,'huchiy@gmail.com',NULL,NULL,NULL,'2021-11-15 05:27:28','2021-11-15 05:27:28'),(18,19880212,'01050490211',NULL,NULL,NULL,NULL,'2021-11-17 02:41:55','2021-11-17 02:41:55'),(19,0,NULL,NULL,NULL,'wjsalsdnrk7@gmail.com',NULL,'2021-11-18 12:46:17','2021-11-18 12:46:17'),(20,0,NULL,NULL,NULL,'sbs4nnpjkr@privaterelay.appleid.com',NULL,'2021-11-18 12:48:18','2021-11-18 12:48:18'),(21,0,NULL,NULL,NULL,NULL,'wjsalsdnrk8@gmail.com','2021-11-18 17:41:14','2021-11-18 17:41:14'),(22,0,NULL,NULL,NULL,'kzzx4vdk6z@privaterelay.appleid.com',NULL,'2021-11-19 21:31:26','2021-11-19 21:31:26'),(23,0,NULL,NULL,NULL,NULL,'huchiy@gmail.com','2021-11-20 01:11:09','2021-11-20 01:11:09'),(24,19840505,'01086376034',NULL,NULL,NULL,NULL,'2021-11-22 05:30:56','2021-11-22 05:30:56'),(25,19991229,'01041791066',NULL,NULL,NULL,NULL,'2021-11-22 05:36:50','2021-11-22 05:36:50'),(26,19760108,'01047519192',NULL,NULL,NULL,NULL,'2021-11-22 07:57:46','2021-11-22 07:57:46'),(27,19830415,'01072868152',NULL,NULL,NULL,NULL,'2021-11-22 08:19:10','2021-11-22 08:19:10'),(28,19650113,'01040247587',NULL,NULL,NULL,NULL,'2021-11-22 08:29:07','2021-11-22 08:29:07'),(29,0,NULL,NULL,NULL,'5rwkqt69nj@privaterelay.appleid.com',NULL,'2021-11-22 08:52:59','2021-11-22 08:52:59'),(30,19640607,'01021342839',NULL,NULL,NULL,NULL,'2021-11-22 09:13:17','2021-11-22 09:13:17'),(31,19540805,'01038564221',NULL,NULL,NULL,NULL,'2021-11-22 09:17:44','2021-11-22 09:17:44'),(32,19690215,'01047231956',NULL,NULL,NULL,NULL,'2021-11-22 09:22:51','2021-11-22 09:22:51'),(33,19550613,'01023209925',NULL,NULL,NULL,NULL,'2021-11-22 10:05:19','2021-11-22 10:05:19'),(34,19731206,'01038691209',NULL,NULL,NULL,NULL,'2021-11-22 10:40:28','2021-11-22 10:40:28'),(35,19800211,'01049330579',NULL,NULL,NULL,NULL,'2021-11-22 10:59:10','2021-11-22 10:59:10'),(36,19720706,'01030752249',NULL,NULL,NULL,NULL,'2021-11-22 12:27:58','2021-11-22 12:27:58'),(37,19700207,'01099610808',NULL,NULL,NULL,NULL,'2021-11-22 13:52:16','2021-11-22 13:52:16'),(38,19700620,'01045436162',NULL,NULL,NULL,NULL,'2021-11-22 13:54:02','2021-11-22 13:54:02'),(39,0,NULL,NULL,NULL,NULL,'danielmolinamiel14@gmail.com','2021-11-22 16:28:41','2021-11-22 16:28:41'),(40,19700411,'01041254089',NULL,NULL,NULL,NULL,'2021-11-22 22:38:57','2021-11-22 22:38:57'),(41,19871105,'01042776244',NULL,NULL,NULL,NULL,'2021-11-22 23:11:20','2021-11-22 23:11:20'),(42,19600523,'01062613109',NULL,NULL,NULL,NULL,'2021-11-22 23:26:55','2021-11-22 23:26:55'),(43,19760929,'01032201787',NULL,NULL,NULL,NULL,'2021-11-23 02:44:13','2021-11-23 02:44:13'),(44,0,NULL,NULL,NULL,NULL,'pepperuggi@gmail.com','2021-11-24 07:23:41','2021-11-24 07:23:41'),(45,19890203,'01045925562',NULL,NULL,NULL,NULL,'2021-11-25 02:04:30','2021-11-25 02:04:30'),(46,19860203,'01045925562',NULL,NULL,NULL,NULL,'2021-11-25 04:34:57','2021-11-25 04:34:57'),(47,19820112,'01040252389',NULL,NULL,NULL,NULL,'2021-11-25 04:37:59','2021-11-25 04:37:59'),(48,19850618,'01020570256',NULL,NULL,NULL,NULL,'2021-11-25 19:31:40','2021-11-25 19:31:40'),(49,20101112,'01092381473',NULL,NULL,NULL,NULL,'2021-11-27 01:08:07','2021-11-27 01:08:07'),(50,0,NULL,'owo_bee@naver.com',NULL,NULL,NULL,'2021-11-30 04:34:05','2021-11-30 04:34:05'),(51,0,NULL,NULL,NULL,'c7d5qkftr4@privaterelay.appleid.com',NULL,'2021-12-01 02:25:06','2021-12-01 02:25:06'),(52,19770912,'01045925562',NULL,NULL,NULL,NULL,'2021-12-01 05:02:54','2021-12-01 05:02:54'),(53,0,NULL,'juongjuong11@naver.com',NULL,NULL,NULL,'2021-12-01 05:33:21','2021-12-01 05:33:21'),(54,19890206,'01045925562',NULL,NULL,NULL,NULL,'2021-12-02 08:11:32','2021-12-02 08:11:32'),(55,19910205,'01040252389',NULL,NULL,NULL,NULL,'2021-12-03 09:02:44','2021-12-03 09:02:44'),(56,0,NULL,NULL,NULL,NULL,'saico0022@gmail.com','2021-12-03 10:38:39','2021-12-03 10:38:39'),(57,0,NULL,NULL,NULL,NULL,'k01024702541@gmail.com','2021-12-03 12:50:29','2021-12-03 12:50:29'),(58,19851127,'01031587050',NULL,NULL,NULL,NULL,'2021-12-04 06:28:47','2021-12-04 06:28:47'),(59,19730305,'01086901473',NULL,NULL,NULL,NULL,'2021-12-04 08:14:30','2021-12-04 08:14:30'),(60,0,NULL,'hojung5803@gmail.com',NULL,NULL,NULL,'2021-12-04 11:16:25','2021-12-04 11:16:25'),(61,19800619,'01028682299',NULL,NULL,NULL,NULL,'2021-12-06 07:59:03','2021-12-06 07:59:03'),(62,19730330,'01042603126',NULL,NULL,NULL,NULL,'2021-12-06 08:30:09','2021-12-06 08:30:09'),(63,19730519,'01025739039',NULL,NULL,NULL,NULL,'2021-12-06 09:06:46','2021-12-06 09:06:46'),(64,19430804,'01039260036',NULL,NULL,NULL,NULL,'2021-12-06 09:43:50','2021-12-06 09:43:50'),(65,19830218,'01056581458',NULL,NULL,NULL,NULL,'2021-12-06 10:41:29','2021-12-06 10:41:29');
/*!40000 ALTER TABLE `user_info` ENABLE KEYS */;
UNLOCK TABLES;
/*!40103 SET TIME_ZONE=@OLD_TIME_ZONE */;

/*!40101 SET SQL_MODE=@OLD_SQL_MODE */;
/*!40014 SET FOREIGN_KEY_CHECKS=@OLD_FOREIGN_KEY_CHECKS */;
/*!40014 SET UNIQUE_CHECKS=@OLD_UNIQUE_CHECKS */;
/*!40101 SET CHARACTER_SET_CLIENT=@OLD_CHARACTER_SET_CLIENT */;
/*!40101 SET CHARACTER_SET_RESULTS=@OLD_CHARACTER_SET_RESULTS */;
/*!40101 SET COLLATION_CONNECTION=@OLD_COLLATION_CONNECTION */;
/*!40111 SET SQL_NOTES=@OLD_SQL_NOTES */;

-- Dump completed on 2021-12-07  1:55:19
